be quiet! Pure Rock,be quiet pure rock,Reichelt,"€ 37,07"
be quiet! Pure Rock,be quiet pure rock,Max ICT B.V.,"€ 37,79"
be quiet! Pure Rock,be quiet pure rock,Azerty,"€ 37,90"
be quiet! Pure Rock,be quiet pure rock,Megekko,"€ 37,90"
be quiet! Pure Rock,be quiet pure rock,SiComputers,"€ 37,90"
be quiet! Pure Rock,be quiet pure rock,SWW Computer,"€ 38,25"
be quiet! Pure Rock,be quiet pure rock,Conrad.nl,"€ 38,99"
be quiet! Pure Rock,be quiet pure rock,MyCom,"€ 38,99"
be quiet! Pure Rock,be quiet pure rock,Informatique,"€ 39,45"
be quiet! Pure Rock,be quiet pure rock,HardwareWebwinkel,"€ 39,55"
be quiet! Pure Rock,be quiet pure rock,Alternate.nl,"€ 39,85"
be quiet! Pure Rock,be quiet pure rock,CD-ROM-LAND Breda,"€ 39,90"
be quiet! Pure Rock,be quiet pure rock,Bol.com Plaza,"€ 40,94"
be quiet! Pure Rock,be quiet pure rock,MegaMobile,"€ 41,60"
be quiet! Pure Rock,be quiet pure rock,Freezing Hardware,"€ 41,72"
be quiet! Pure Rock,be quiet pure rock,4Launch,"€ 42,-"
be quiet! Pure Rock,be quiet pure rock,Highflow,"€ 42,45"
be quiet! Pure Rock,be quiet pure rock,Art & Craft,"€ 42,71"
be quiet! Pure Rock,be quiet pure rock,ReplaceDirect.nl,"€ 42,99"
be quiet! Pure Rock,be quiet pure rock,codima,"€ 45,90"
be quiet! Pure Rock,be quiet pure rock,Micro-Mail Zeewolde BV,"€ 45,95"
be quiet! Pure Rock,be quiet pure rock,DirectSale,"€ 50,90"
be quiet! Pure Rock,be quiet pure rock,Centralpoint.nl,"€ 54,45"
