Reichelt,"€ 37,07"
Max ICT B.V.,"€ 37,79"
Azerty,"€ 37,90"
Megekko,"€ 37,90"
SiComputers,"€ 37,90"
SWW Computer,"€ 38,25"
Conrad.nl,"€ 38,99"
MyCom,"€ 38,99"
Informatique,"€ 39,45"
HardwareWebwinkel,"€ 39,55"
Alternate.nl,"€ 39,85"
CD-ROM-LAND Breda,"€ 39,90"
Bol.com Plaza,"€ 40,94"
MegaMobile,"€ 41,60"
Freezing Hardware,"€ 41,72"
4Launch,"€ 42,-"
Highflow,"€ 42,45"
Art & Craft,"€ 42,71"
ReplaceDirect.nl,"€ 42,99"
codima,"€ 45,90"
DirectSale,"€ 50,90"
Centralpoint.nl,"€ 54,45"
